{
  "images" : [
    {
      "resizing" : {
        "mode" : "9-part",
        "center" : {
          "mode" : "tile",
          "width" : 52,
          "height" : 59
        },
        "cap-insets" : {
          "bottom" : 34,
          "top" : 8,
          "right" : 81,
          "left" : 67
        }
      },
      "idiom" : "universal",
      "filename" : "checked.png",
      "scale" : "1x"
    },
    {
      "idiom" : "universal",
      "scale" : "2x"
    },
    {
      "idiom" : "universal",
      "scale" : "3x"
    }
  ],
  "info" : {
    "version" : 1,
    "author" : "xcode"
  }
}